9.142956948528051520e-01,-9.489866603549852453e-01,-9.678609268984230685e-01,-9.321520061113968136e-01,-1.000000000000000000e+00,-8.553627338858830198e-01,-7.969269837028728487e-01,-7.693781034919872086e-01,-5.465289791347478499e-01,-5.682372714632570876e-01,-4.140931636158872720e-01,-4.641544251718901504e-01,-3.824482586708256027e-01,-1.376140114334167275e-01,6.132788704183245176e-02,4.499906013827636997e-02,-3.311561210718527715e-02,1.434869754956635546e-01,1.892544049624876601e-01,4.336595439858076384e-01,5.440670943780717694e-01,5.990352689233767736e-01,5.369389414119227766e-01,8.466408325074057384e-01,8.445856474661266322e-01,8.747865971733276291e-01,9.066505227835869318e-01,9.616068077652073498e-01,8.815091774080610065e-01,9.815585758214365741e-01
9.127213514008867268e-01,-9.305965234107843598e-01,-8.928787230718677748e-01,-9.148382406962189961e-01,-1.000000000000000000e+00,-8.244715295541424904e-01,-7.714119667895992238e-01,-7.386758680811909006e-01,-5.146713563004231551e-01,-5.421688128508594939e-01,-4.460319843437640097e-01,-4.554959492413393485e-01,-3.794003921574792271e-01,-1.376140114334167275e-01,6.132788704183245176e-02,4.499906013827636997e-02,-3.311561210718522164e-02,1.054497304810615155e-01,1.900061048241294126e-01,4.383020773590109442e-01,5.663811085512503452e-01,6.128836431160975540e-01,5.461578696481016459e-01,8.646983467243551935e-01,8.514570556066205498e-01,8.737586421146810167e-01,9.074179428111222023e-01,9.562487968100092939e-01,8.732327774397055098e-01,9.671051775417780494e-01
8.234265495128934020e-01,-6.919887201428914780e-02,-7.046491003485755300e-02,-2.211192369468296393e-01,-4.063015573652434820e-01,-5.088982683919638372e-01,-4.114359771495095797e-01,-6.269487460094763653e-01,-6.977607161431161886e-01,-7.710900405575860095e-01,-8.986629831270875890e-01,-8.805142259582399156e-01,-9.007936707922917785e-01,-9.338761086864850736e-01,-9.397428698570684524e-01,-9.688366598531483742e-01,-9.977024548554163097e-01,-9.809761642097882817e-01,-9.858057106455790919e-01,-9.754317197585877786e-01,-8.569093190719538899e-01,-8.869216831838537818e-01,-7.467385156098659271e-01,-7.759551917863924952e-01,-5.440588460224295986e-01,-6.009280619112640220e-01,-4.227256130385526611e-01,-4.055640163386579067e-01,-2.901581036579011785e-01,-1.499775137202363773e-01
8.136530325028934474e-01,1.081599524086261366e-01,1.649986228180452819e-01,-2.325867532428305129e-02,-2.102912520572424726e-01,-1.625875796828761266e-01,-2.424813432734997942e-01,-4.455045942451694718e-01,-4.907759939243845904e-01,-6.008341129930663271e-01,-8.264167463198922592e-01,-7.805100227602190799e-01,-8.084450412396129160e-01,-8.677522173729700361e-01,-8.794857397141370159e-01,-9.376733197062967484e-01,-9.489765442997737388e-01,-9.809709509268776939e-01,-9.733027459798522241e-01,-9.613091396068831340e-01,-8.770965513688084858e-01,-9.096120500804549813e-01,-7.947374214927640512e-01,-8.310744874558997353e-01,-6.776768048053973814e-01,-7.016846313264879509e-01,-5.620378463442322614e-01,-5.302628912899531866e-01,-4.427267257952380852e-01,-3.106584188338343822e-01
7.976482712497100502e-01,4.214997931300046297e-01,4.993480779578353124e-01,3.335064757366600352e-01,1.817293585587595461e-01,7.289680157771744051e-02,3.801913642365412072e-02,-1.516963203908472391e-01,-1.484862008641518738e-01,-3.189762897419218257e-01,-6.100619260677790923e-01,-5.999831872079166573e-01,-6.306054817892843278e-01,-7.355044347459400722e-01,-7.589714794282740318e-01,-8.753466394125934968e-01,-8.979530885995474776e-01,-9.239046568391533487e-01,-9.499881413370923067e-01,-9.435096793931810888e-01,-9.776859858268214243e-01,-9.861516258072792196e-01,-9.114778217899628387e-01,-9.819424857830505449e-01,-9.603733906874442061e-01,-9.008848712749807364e-01,-8.423890080175459039e-01,-7.676051165433479540e-01,-7.292420701411119754e-01,-5.995000829317987945e-01
7.863205478057497810e-01,5.782779186835163010e-01,7.136877187841488279e-01,4.899437441392179293e-01,3.737642726743615751e-01,3.139226915163268461e-01,2.248540295979694348e-01,7.629077175600898486e-02,7.093624941855442012e-02,-8.925096560031461901e-02,-3.573261193389296597e-01,-3.915884218289563679e-01,-4.326294043319765525e-01,-5.236901992302434028e-01,-5.939745938552865034e-01,-6.978825914177380074e-01,-7.415419363391066998e-01,-8.111387344926892506e-01,-8.640409631362269138e-01,-8.315292757204171270e-01,-8.774146043573065601e-01,-9.336244425541387892e-01,-8.936206220076402529e-01,-8.934947393863237330e-01,-9.516995742835663297e-01,-9.556700967439424321e-01,-8.947340971160158141e-01,-8.438604139679439786e-01,-8.433420718917179482e-01,-7.498096161336615939e-01
7.741541718248621251e-01,7.543182666146568405e-01,8.866699956186915310e-01,6.909506432115348762e-01,5.900645537879624092e-01,5.186903030789630220e-01,4.077707178729964577e-01,2.748843423730689128e-01,2.966256160076419790e-01,1.118925205625910801e-01,-1.284059743141532928e-01,-2.276986942732825425e-01,-2.712614535818905770e-01,-3.823036747438091632e-01,-4.616149437547485967e-01,-5.941527455255414258e-01,-6.445269048886066443e-01,-7.228033083164273620e-01,-7.890843331791713711e-01,-7.644931935292859082e-01,-8.657289820526943291e-01,-9.215272416294042479e-01,-8.956298074966123623e-01,-9.412108788951054628e-01,-1.000000000000000000e+00,-1.000000000000000000e+00,-1.000000000000000000e+00,-9.490882119769301628e-01,-9.821186945083449915e-01,-8.962466432598445998e-01
7.741541718248621251e-01,7.543182666146568405e-01,8.866699956186915310e-01,6.909506432115348762e-01,5.900645537879624092e-01,5.186903030789630220e-01,4.077707178729964577e-01,2.748843423730689128e-01,2.966256160076419790e-01,1.118925205625910801e-01,-1.284059743141532928e-01,-2.276986942732825425e-01,-2.712614535818905770e-01,-3.823036747438091632e-01,-4.616149437547485967e-01,-5.941527455255414258e-01,-6.445269048886066443e-01,-7.228033083164273620e-01,-7.890843331791713711e-01,-7.644931935292859082e-01,-8.657289820526943291e-01,-9.215272416294042479e-01,-8.956298074966123623e-01,-9.412108788951054628e-01,-1.000000000000000000e+00,-1.000000000000000000e+00,-1.000000000000000000e+00,-9.490882119769301628e-01,-9.821186945083449915e-01,-8.962466432598445998e-01
7.291469620997139689e-01,9.884930552615786015e-01,9.629047902361902445e-01,9.020706694013784777e-01,9.036655988027122444e-01,9.693034368176594029e-01,8.702676283828287840e-01,8.519820294901836455e-01,8.325030964450648163e-01,7.414183248523590342e-01,6.112120399819983563e-01,6.053942846167216230e-01,5.943462973906793456e-01,5.484510771431956311e-01,3.881751888857597477e-01,3.451157111332296967e-01,2.312423594575367947e-01,1.012082097477251530e-01,-5.739739479694605517e-02,-7.673612762099113471e-02,-1.367160913185486715e-01,-3.426140482083140926e-01,-4.145737661353592340e-01,-3.882364458754017367e-01,-4.884280570849711123e-01,-6.882145852362036020e-01,-7.021507989369661917e-01,-7.929440521704282929e-01,-8.791290379329494975e-01,-9.008385523018114238e-01
7.291469620997139689e-01,9.884930552615786015e-01,9.629047902361902445e-01,9.020706694013784777e-01,9.036655988027122444e-01,9.693034368176594029e-01,8.702676283828287840e-01,8.519820294901836455e-01,8.325030964450648163e-01,7.414183248523590342e-01,6.112120399819983563e-01,6.053942846167216230e-01,5.943462973906793456e-01,5.484510771431956311e-01,3.881751888857597477e-01,3.451157111332296967e-01,2.312423594575367947e-01,1.012082097477251530e-01,-5.739739479694605517e-02,-7.673612762099113471e-02,-1.367160913185486715e-01,-3.426140482083140926e-01,-4.145737661353592340e-01,-3.882364458754017367e-01,-4.884280570849711123e-01,-6.882145852362036020e-01,-7.021507989369661917e-01,-7.929440521704282929e-01,-8.791290379329494975e-01,-9.008385523018114238e-01
7.068064060375386370e-01,9.769861105231573140e-01,9.029425261748886822e-01,8.818775280942691142e-01,9.322200417951318485e-01,9.706555348678427286e-01,9.910399811298916672e-01,9.861687616052744465e-01,9.780373609685559799e-01,9.655312789724663780e-01,8.718420153284778262e-01,8.710678360365897710e-01,8.969747906299635476e-01,8.346243806237059193e-01,7.311292749926305845e-01,7.105888582089407990e-01,5.917865912720841060e-01,5.366342061766466998e-01,3.683765580111857396e-01,2.478951388142985879e-01,2.851991655670255144e-01,5.586059621721961577e-02,-3.311197289615791517e-02,-1.179839183337367536e-01,-8.725600312509018686e-02,-3.189571849545423943e-01,-3.985109672418195581e-01,-5.655989793717379754e-01,-6.208909976846714862e-01,-6.655601405383493319e-01
6.933224835543916331e-01,6.310877107057906166e-01,7.068462004125843912e-01,8.303768418974804000e-01,8.136088319733028040e-01,8.423693924158248691e-01,9.346633357537952325e-01,9.666570871331046089e-01,9.513012674385976641e-01,9.507014622047241792e-01,9.198155481661383082e-01,9.193044328866740722e-01,9.341630760154848723e-01,8.660589967117456878e-01,8.303141865967202939e-01,8.300336723792904881e-01,7.328316720793367489e-01,7.046966036850714765e-01,5.769530515602558918e-01,4.155650063718172582e-01,4.397419661252582879e-01,2.805225764694784241e-01,1.290839199175564389e-01,9.207772164400901405e-02,1.143803531457902589e-01,-3.345312948643969220e-02,-1.661615961985002388e-01,-2.988817233512910398e-01,-4.304779697613374534e-01,-4.752175013030033313e-01
6.910851053194941862e-01,5.654744442552602779e-01,7.186590805509867064e-01,8.149745121996372355e-01,7.862393547042951791e-01,8.522658692814126802e-01,9.221474128405036108e-01,9.376518842416132760e-01,9.355787027010021850e-01,9.451009979776210379e-01,9.227479322791292127e-01,9.220205657848015157e-01,9.365688756863282949e-01,8.670633033332775241e-01,8.374028605852412710e-01,7.699711576318322148e-01,7.515659562441823205e-01,7.192015653573879952e-01,6.161053392709487930e-01,3.902578144046697783e-01,4.469148364944750540e-01,3.052428802493308835e-01,1.806337888368916567e-01,1.299214340673037482e-01,1.473178310539597913e-01,2.021970094775932258e-02,-1.239942970507478537e-01,-4.137998756963524594e-01,-3.940867839482671275e-01,-4.357084366722919211e-01
6.798385610712445182e-01,2.851893108884239192e-01,5.107498746502799891e-01,7.788761557006915748e-01,6.949976221514736485e-01,7.140832499638070097e-01,8.782866903776987977e-01,9.471454126609348823e-01,9.245651739086393484e-01,9.358716454369819804e-01,9.677890810037989011e-01,9.675410297367583734e-01,9.713513614010060859e-01,8.974936127997854562e-01,9.294990982008100033e-01,9.494784865496400661e-01,8.738767528865893919e-01,8.727590011934962533e-01,7.855295451093261550e-01,5.832348739293359285e-01,5.942847666834910614e-01,5.051845567217372324e-01,4.474284792653511200e-01,3.021393616217547540e-01,3.160167094166707047e-01,2.520509259816630654e-01,6.618777484481908058e-02,-3.216446733084413201e-02,-2.400649418380033651e-01,-2.848748620676573862e-01
6.725634039781942519e-01,8.619345193108129966e-02,3.638809183075749076e-01,7.381662422830701509e-01,6.277225973243628632e-01,6.392142353608754046e-01,8.371776345872419256e-01,7.214205417775572116e-01,8.898741397368827855e-01,9.213488826755973360e-01,9.950238934442423577e-01,9.963762246350096330e-01,1.000000000000000000e+00,9.050788944862881991e-01,9.882619618413464035e-01,1.000000000000000000e+00,9.279034912817952785e-01,9.851899533630252837e-01,9.240886747842259608e-01,6.860065865070565927e-01,6.959456651536646277e-01,6.532727919986706100e-01,6.041085665626360068e-01,4.465977900997996630e-01,4.644222628081391968e-01,4.543612648482347471e-01,2.260316161926206602e-01,1.539971218382744367e-01,-6.597866066813942720e-02,-9.225342164946578882e-02
6.683552454341377125e-01,-3.200975144564981167e-02,4.119170753151558673e-01,7.148413680469973830e-01,5.769683527444458004e-01,6.643701607805123643e-01,8.186061553118628709e-01,7.713946528182209494e-01,8.386273656398868237e-01,9.137018814101478537e-01,9.992646386594175034e-01,9.994500421946599378e-01,9.997843513885702471e-01,9.111535209081103037e-01,9.978541058991425849e-01,8.798749705050834535e-01,9.736199606156965558e-01,1.000000000000000000e+00,9.852578087554294539e-01,6.259238131732809407e-01,6.980966567965696257e-01,6.848347769829734588e-01,6.694172339560926499e-01,5.025714107018031118e-01,5.065035309964641685e-01,5.319277701503726252e-01,2.885316365750544843e-01,2.134820369702721821e-01,-2.888612876673692098e-02,-6.196035278830228782e-02
6.565690568614956923e-01,-2.111236888533449263e-01,1.829803333453074166e-01,5.144516083526224914e-01,3.331810232187811804e-01,4.482869945109604903e-01,6.018600098651184505e-01,5.763433898519116916e-01,6.914236208998428834e-01,7.770049642571010828e-01,8.525470581608149967e-01,8.616331623403550299e-01,8.719449191438184421e-01,8.241698775881844963e-01,9.507123208782743973e-01,8.670458634531081898e-01,9.345369769896809675e-01,9.890204396509214568e-01,9.655562691122756558e-01,7.122009307252832322e-01,7.512626123289705138e-01,7.636260827372300941e-01,7.520629254670694319e-01,6.194980656321674717e-01,6.298776482473481542e-01,6.489458276127795244e-01,4.342691307182051097e-01,3.814740612342387704e-01,1.546400869122596111e-01,1.331700327772491477e-01
6.447828682888536722e-01,-3.902376262610400270e-01,-4.595640862454103415e-02,3.140618486582477109e-01,8.939369369311656044e-02,2.322038282414086163e-01,3.851138644183739745e-01,3.812921268856025447e-01,5.442198761597989431e-01,6.403080471040540900e-01,7.058294776622123790e-01,7.238162824860502331e-01,7.441054868990665261e-01,7.371862342682584668e-01,9.035705358574063206e-01,8.542167564011331482e-01,8.954539933636652682e-01,9.780408793018426916e-01,9.458547294691217466e-01,7.984780482772856347e-01,8.044285678613714019e-01,8.424173884914867294e-01,8.347086169780463250e-01,7.364247205625318315e-01,7.532517654982320288e-01,7.659638850751863126e-01,5.800066248613556796e-01,5.494660854982054143e-01,3.381663025912561849e-01,3.283004183428006040e-01
6.212104911435696319e-01,-7.484655010764302840e-01,-5.038298925642379356e-01,-8.671767073050196117e-02,-3.981809653582126796e-01,-1.999625042976951317e-01,-4.837842647511492178e-02,-8.810399047015859963e-03,2.498123866797110626e-01,3.669142127979604373e-01,4.123943166650072545e-01,4.481825227774405285e-01,4.884266224095628051e-01,5.632189476284067409e-01,8.092869658156700563e-01,8.285585422971827319e-01,8.172880261116339806e-01,9.560817586036854943e-01,9.064516501828141504e-01,9.710322833812903287e-01,9.107604789261732892e-01,1.000000000000000000e+00,1.000000000000000000e+00,9.702780304232605513e-01,1.000000000000000000e+00,1.000000000000000000e+00,8.714816131476569305e-01,8.854501340261385911e-01,7.052187339492492768e-01,7.185611894739034611e-01
5.858413759958625011e-01,-1.000000000000000000e+00,-9.175542865222465760e-01,-9.412203441720281560e-01,-1.000000000000000000e+00,-8.373486479712779484e-01,-8.332026615930805402e-01,-7.398181517791151407e-01,-4.849988593477064791e-01,-5.333737722978966200e-01,-4.346266776836258394e-01,-3.270494122093663969e-01,-3.132449684712458882e-01,-5.712536499291681613e-02,1.865833312043028158e-01,1.501112658014814860e-01,6.463468815159600922e-02,3.120584179505626610e-01,3.229862690504960998e-01,5.898017733221412318e-01,6.412267165100267174e-01,7.556082278126815543e-01,7.853451490540738211e-01,9.219157186340267707e-01,9.663209357435325053e-01,9.944764221971749141e-01,1.000000000000000000e+00,1.000000000000000000e+00,9.951993309660795983e-01,1.000000000000000000e+00
5.762172747806549866e-01,-9.505447947068152992e-01,-9.086121349944645820e-01,-9.362135511223408368e-01,-9.426996797690362362e-01,-8.646448498399945670e-01,-8.332714699183587648e-01,-7.839117989281922938e-01,-5.802516816314254866e-01,-6.226547805376200229e-01,-5.287427083073363843e-01,-4.826727594749963268e-01,-4.292540983684232092e-01,-2.115739079004875234e-01,-5.365703714035385818e-03,-1.735259282998849462e-02,-9.208774714682306517e-02,1.441921030133334336e-01,1.608602105337942068e-01,3.849852112782967684e-01,4.934105494472634801e-01,5.640683084326540975e-01,6.223856191327642451e-01,7.748425654865509493e-01,7.999410358979743840e-01,8.548588201771734063e-01,8.778948496643996791e-01,8.716814583157012075e-01,8.594057411504609778e-01,8.880246017299195938e-01
5.661009173779901760e-01,-9.251380530486619236e-01,-9.120277985630717010e-01,-9.348023910315460538e-01,-9.345783630793107477e-01,-9.101242858384499534e-01,-8.537237050858739185e-01,-8.482718061831463485e-01,-7.018946852606859910e-01,-7.287347253417433279e-01,-6.175744695818541352e-01,-5.709671788855980035e-01,-5.639275973823738575e-01,-3.766383946231163238e-01,-2.414766786444716984e-01,-1.985694694144841399e-01,-2.675156133286522575e-01,-3.890754305616836439e-02,1.380450217486134390e-02,1.697888024452508526e-01,3.494095176804684066e-01,3.683621051474288421e-01,4.327606726631092471e-01,6.269578282817891424e-01,6.328444962122109496e-01,7.175782440425331199e-01,7.740564086539154509e-01,8.158853457780871343e-01,8.385300077515143169e-01,8.688307488966412473e-01
5.573820753464311384e-01,-8.891940251108414461e-01,-9.099651213001078709e-01,-9.315504526403437513e-01,-9.184187150918473597e-01,-9.404486544316665864e-01,-8.869987770591212239e-01,-8.942216125731738963e-01,-7.953605877391721757e-01,-8.136952670762973572e-01,-6.994717403531992561e-01,-6.887533054687402512e-01,-6.732682803299003815e-01,-5.174646362570873848e-01,-4.268186896870272418e-01,-3.520105719601326899e-01,-4.130595883328281315e-01,-1.931998222666852227e-01,-1.252840997873951034e-01,-1.573031274567804338e-02,2.192890809455571022e-01,1.967156377301162440e-01,2.790192849947189524e-01,4.959556085760486455e-01,4.847123719583130708e-01,5.942527175420966312e-01,6.716074003528650360e-01,7.259985628853831141e-01,7.857092611276355054e-01,8.002242433577260172e-01
5.445499403928212301e-01,-8.232537513865949563e-01,-9.022821650141089611e-01,-9.248747285740940294e-01,-8.971611945628373830e-01,-9.768435902566221518e-01,-9.663488217029221339e-01,-9.530131421052768781e-01,-9.223643507841308153e-01,-9.327366113959283389e-01,-8.249597811848132789e-01,-9.076345316151308573e-01,-8.279471201928033652e-01,-7.233960268005149574e-01,-6.827507362448115291e-01,-5.752957168020926826e-01,-6.220228353973868973e-01,-4.170215755163241833e-01,-3.414521778096643034e-01,-2.888190621374706057e-01,2.220085819520606352e-02,-5.867092144325380954e-02,6.173991176630619360e-02,2.998580710460808652e-01,2.628725054975689646e-01,4.080959148487611765e-01,5.088005332387312007e-01,5.549071739729848352e-01,6.756400559494837310e-01,6.509237123309520312e-01
5.381338729160162204e-01,-7.902836145244718224e-01,-8.984406868711095617e-01,-9.215368665409691129e-01,-8.589609810755282071e-01,-9.950410581690999345e-01,-9.663946939197742836e-01,-9.824089068713283135e-01,-9.858662323066100797e-01,-9.922572835557439408e-01,-8.877038016006202348e-01,-1.000000000000000000e+00,-9.052865401242549126e-01,-8.263617220722287993e-01,-8.107167595237037006e-01,-6.869382892230726512e-01,-7.265044589296663080e-01,-5.289324521411437052e-01,-4.495362168207989173e-01,-4.253634368333668592e-01,-7.634325317996945581e-02,-1.863642010299388085e-01,-4.689977484790017193e-02,2.018093022810969750e-01,1.519525722671968837e-01,3.150175135020935047e-01,4.273970996816642831e-01,4.693614795167856957e-01,6.206054533604078438e-01,5.762734468175650937e-01
5.276513232471370385e-01,-6.643366228784008953e-01,-7.974125033069241475e-01,-8.225525009083854977e-01,-8.094932001384311793e-01,-9.353074713255302708e-01,-9.689688868545984768e-01,-9.568722837313272667e-01,-1.000000000000000000e+00,-9.998290808152234810e-01,-9.295120841979981341e-01,-9.736839330057077690e-01,-9.586301112709137984e-01,-9.150289582316869508e-01,-9.117541162842848212e-01,-8.104962391368382146e-01,-8.361513868040346686e-01,-6.701000247656029307e-01,-5.669389723477890053e-01,-5.959989473224009959e-01,-2.508173172402759499e-01,-3.690286282126649109e-01,-2.083906469701522213e-01,-4.799165968145324701e-02,-3.232912625804107432e-02,8.838131699154511134e-02,2.257214591414566374e-01,2.741502681570566202e-01,4.588332041738313327e-01,4.266893817887473794e-01
5.235848410550627552e-01,-5.713597680944533241e-01,-7.002257978857382437e-01,-7.269059973089266879e-01,-7.430827262430350633e-01,-8.573764165694828243e-01,-8.922389073624740208e-01,-9.019398958252746734e-01,-9.595114211702763241e-01,-9.478802059148875303e-01,-9.085763463795689665e-01,-8.208521082498940746e-01,-9.346342624861212478e-01,-9.007304991194313715e-01,-8.848254497659737705e-01,-8.224116166296236985e-01,-8.413166911461236186e-01,-6.993567207652426898e-01,-5.762576888636444794e-01,-6.300900831155388238e-01,-3.267472699254069246e-01,-4.239997758087060142e-01,-2.612418324781978773e-01,-1.997438528790196344e-01,-1.056908915529069654e-01,-4.517647817233549912e-02,1.054492521583158815e-01,1.644847512535266565e-01,3.520955575763306533e-01,3.517555822733166582e-01
5.051471732372883050e-01,-2.979341789271769958e-01,-3.747269284855919702e-01,-4.429617584715913603e-01,-5.771333383206018741e-01,-6.762466260804447238e-01,-7.143774472412270926e-01,-8.271276441121622192e-01,-8.492200720097091704e-01,-8.527003882840905602e-01,-9.409324818833930681e-01,-9.632168063933662649e-01,-9.083470208579372818e-01,-9.731734919598625799e-01,-9.748151362620707250e-01,-9.784551809770765107e-01,-9.648813691605133691e-01,-8.930375976087456813e-01,-8.118712806510069990e-01,-8.475478714521094137e-01,-6.519368466283674834e-01,-6.808818198386970000e-01,-7.159990180636590651e-01,-5.216687712543023325e-01,-3.935436006076327708e-01,-3.562519442321024910e-01,-2.353496648963796789e-01,-6.229060917321821433e-02,1.031230093850440954e-02,1.164368857506767746e-01
4.984726028902794481e-01,-1.717698701762235547e-01,-2.845720958010834467e-01,-3.321711202800702312e-01,-4.642373409124782579e-01,-5.711942644360528121e-01,-6.578315688945666206e-01,-6.890564984613436472e-01,-7.879011265898250294e-01,-8.192407126246565863e-01,-8.927935514893353686e-01,-9.164352164195210815e-01,-9.224075409476861775e-01,-9.819953690962368587e-01,-9.790508934789927675e-01,-9.865927426878098316e-01,-9.813269878005070890e-01,-9.377892155814830932e-01,-8.676333271050555851e-01,-9.073679626621184990e-01,-7.357903352640450256e-01,-7.897364032784046639e-01,-7.258354237840247691e-01,-6.207258278445710875e-01,-5.312945828331508968e-01,-4.817407409290297982e-01,-3.694495890571534713e-01,-2.077532980022122888e-01,-1.052766871092880169e-01,-1.311874825706935144e-02
4.917980325432705913e-01,-4.560556142527007889e-02,-1.944172631165749787e-01,-2.213804820885490465e-01,-3.513413435043546418e-01,-4.661419027916610114e-01,-6.012856905479060377e-01,-5.509853528105250753e-01,-7.265821811699407773e-01,-7.857810369652227234e-01,-8.446546210952776690e-01,-8.696536264456757870e-01,-9.364680610374351843e-01,-9.908172462326110264e-01,-9.832866506959146990e-01,-9.947303043985431525e-01,-9.977726064405006978e-01,-9.825408335542206162e-01,-9.233953735591042822e-01,-9.671880538721275844e-01,-8.196438238997225678e-01,-8.985909867181123278e-01,-7.356718295043904732e-01,-7.197828844348397315e-01,-6.690455650586690783e-01,-6.072295376259571054e-01,-5.035495132179272915e-01,-3.532159868312063633e-01,-2.208656751570804433e-01,-1.426743822648154914e-01
4.791220837708499714e-01,1.917187579719997204e-01,1.457322019009965608e-02,2.844340769232994726e-02,-1.168790605749176481e-01,-2.320293142499603167e-01,-3.729066063730968050e-01,-3.799282544708704745e-01,-5.466001391749604199e-01,-6.260886238676023341e-01,-7.021727824694247166e-01,-7.654889030590962262e-01,-8.532817819040043883e-01,-9.310402492389887597e-01,-9.020769484650924541e-01,-9.876425394996520835e-01,-1.000000000000000000e+00,-9.995014005400341128e-01,-9.787911573627163797e-01,-9.828170913141887066e-01,-9.124108460184694458e-01,-9.764081952093408567e-01,-8.603982169282196057e-01,-8.425618502598228865e-01,-8.391752825279121808e-01,-7.700155583156984562e-01,-6.783531079923464935e-01,-5.849174132568302209e-01,-4.639015578221800662e-01,-3.105087160861112472e-01
4.760618135544810170e-01,2.759848938958635589e-01,8.406274168404259672e-02,1.219255588096948284e-01,-4.435452544022699950e-02,-1.611658986084409384e-01,-2.970306864830173921e-01,-3.557674619387042880e-01,-4.959233523152611900e-01,-5.763080081048016501e-01,-6.662498553565250337e-01,-7.574340501341580989e-01,-8.309927773371849069e-01,-9.222298656952581108e-01,-8.900930991870423803e-01,-1.000000000000000000e+00,-1.000000000000000000e+00,-1.000000000000000000e+00,-1.000000000000000000e+00,-1.000000000000000000e+00,-9.626809339430358881e-01,-8.903113076386683922e-01,-9.187691835173326105e-01,-8.657489362216936879e-01,-9.110143543714587233e-01,-8.451646057501034370e-01,-7.460388462219431638e-01,-6.615301343849387949e-01,-5.486623442614806390e-01,-3.900422927156732555e-01
4.616933383374183242e-01,5.133962232505363543e-01,3.590320836510834113e-01,3.666576103342324977e-01,2.338390083222472438e-01,1.000623545126779201e-01,3.407402538748501020e-03,-1.257067023384528803e-01,-2.148197651526164709e-01,-3.188198503875844803e-01,-4.206196159526320866e-01,-5.343829743418984091e-01,-6.156373893059277069e-01,-7.218347517942605984e-01,-7.091325442410487678e-01,-8.636483157762983032e-01,-9.122882613694914822e-01,-9.308601782919800893e-01,-9.571166908352115588e-01,-9.412809697636835837e-01,-9.647978657822453563e-01,-1.000000000000000000e+00,-9.546586531560199429e-01,-9.189270414931578479e-01,-9.857385048148068485e-01,-9.233121612033547976e-01,-8.612767401020349212e-01,-8.088593505934187355e-01,-7.206499389891980467e-01,-6.202144035353125417e-01
4.503851333367245857e-01,6.665414166813452557e-01,5.645119041241812852e-01,5.179075107414052859e-01,4.395080069500307829e-01,2.904271919922774003e-01,2.279695716704349673e-01,8.019326472963236863e-02,1.560703515032907385e-02,-1.111123084331679944e-01,-2.109123036616387115e-01,-3.193867514745767910e-01,-4.225710058414900439e-01,-5.302500214369936238e-01,-5.401558385731053402e-01,-7.050580551094196569e-01,-7.644014209250558078e-01,-8.125023660049590646e-01,-8.496333837571741210e-01,-8.604937060178268204e-01,-9.166447096968883823e-01,-9.877110716606436469e-01,-9.321771562055943816e-01,-9.489180608027512065e-01,-9.886235834146084311e-01,-9.263106692222012883e-01,-9.088288957525298972e-01,-8.795758456737901021e-01,-8.078767472776149372e-01,-7.708529377253897641e-01
4.503851333367245857e-01,6.665414166813452557e-01,5.645119041241812852e-01,5.179075107414052859e-01,4.395080069500307829e-01,2.904271919922774003e-01,2.279695716704349673e-01,8.019326472963236863e-02,1.560703515032907385e-02,-1.111123084331679944e-01,-2.109123036616387115e-01,-3.193867514745767910e-01,-4.225710058414900439e-01,-5.302500214369936238e-01,-5.401558385731053402e-01,-7.050580551094196569e-01,-7.644014209250558078e-01,-8.125023660049590646e-01,-8.496333837571741210e-01,-8.604937060178268204e-01,-9.166447096968883823e-01,-9.877110716606436469e-01,-9.321771562055943816e-01,-9.489180608027512065e-01,-9.886235834146084311e-01,-9.263106692222012883e-01,-9.088288957525298972e-01,-8.795758456737901021e-01,-8.078767472776149372e-01,-7.708529377253897641e-01
4.390769283360307917e-01,8.196866101121542680e-01,7.699917245972791591e-01,6.691574111485780740e-01,6.451770055778143220e-01,4.807920294718768806e-01,4.525317408021214405e-01,2.860932317977176176e-01,2.460338354532746186e-01,9.659523352124846363e-02,-1.204991370645336346e-03,-1.043905286072551730e-01,-2.295046223770523808e-01,-3.386652910797265936e-01,-3.711791329051619681e-01,-5.464677944425411216e-01,-6.165145804806201335e-01,-6.941445537179380398e-01,-7.421500766791366832e-01,-7.797064422719700572e-01,-8.684915536115314083e-01,-9.754221433212872938e-01,-9.096956592551688203e-01,-9.789090801123445651e-01,-9.915086620144100138e-01,-9.293091772410477791e-01,-9.563810514030248733e-01,-9.502923407541614687e-01,-8.951035555660318277e-01,-9.214914719154669864e-01
4.299460061703905822e-01,8.925139253355239832e-01,8.491704032030055194e-01,7.749312428574886003e-01,7.639942947453104427e-01,6.180968219692676291e-01,6.033013187781502973e-01,4.453293917306676564e-01,4.213927168781964050e-01,2.733027838105068774e-01,1.748726531562044273e-01,1.200462853071440628e-01,-1.318825536858764247e-02,-1.049605114638673675e-01,-2.023082520985391985e-01,-3.702992093931489759e-01,-4.365375652135347617e-01,-5.398811245962420458e-01,-5.860774342691096317e-01,-6.533519197209010088e-01,-7.741746653266139422e-01,-8.773005940453939555e-01,-8.512699906560581287e-01,-9.564985821337359528e-01,-9.553638089820730706e-01,-9.244788025981613977e-01,-9.703683008575846314e-01,-9.709666029571595303e-01,-9.451544178665427509e-01,-9.607457359577334932e-01
4.208150840047503727e-01,9.653412405588938094e-01,9.283490818087318797e-01,8.807050745663991265e-01,8.828115839128065634e-01,7.554016144666584331e-01,7.540708967541791541e-01,6.045655516636176952e-01,5.967515983031181914e-01,4.500103340997653190e-01,3.509502976830541909e-01,3.444830992215433541e-01,2.031281116398770958e-01,1.287442681519919141e-01,-3.343737129191648449e-02,-1.941306243437569412e-01,-2.565605499464493899e-01,-3.856176954745459406e-01,-4.300047918590825802e-01,-5.269973971698318493e-01,-6.798577770416964761e-01,-7.791790447695006172e-01,-7.928443220569473260e-01,-9.340880841551273406e-01,-9.192189559497361273e-01,-9.196484279552751273e-01,-9.843555503121443895e-01,-9.916408651601575919e-01,-9.952052801670536741e-01,-1.000000000000000000e+00
4.109967924779976967e-01,9.844521054967232399e-01,9.373389515636719738e-01,8.954538603774057082e-01,9.220927276729766753e-01,8.500280974061815709e-01,9.113965860626298543e-01,7.328075393355386602e-01,7.139276153380604839e-01,6.016200426846114446e-01,4.891884779402110306e-01,4.326074017553390161e-01,3.288673748761423155e-01,2.760779482665102202e-01,8.508113009577991659e-02,-3.401149885437018683e-02,-1.152636953189195013e-01,-2.088678932666745425e-01,-3.014793723202734976e-01,-3.572678660377834325e-01,-5.058587669433335376e-01,-6.819266476490027928e-01,-6.717132771771717747e-01,-8.200565596549309610e-01,-8.234953081179811063e-01,-8.651816012431592373e-01,-9.013917047658521753e-01,-9.438044197023796045e-01,-9.591840379481370027e-01,-9.777940799469493349e-01
4.030321666321616814e-01,9.712294833860658505e-01,9.309434030906158508e-01,8.971099229333980851e-01,9.354911626540467484e-01,9.042209413566610898e-01,9.231272092103961491e-01,8.094609631774477565e-01,7.871288318461462374e-01,6.969941722240753368e-01,6.111348634680053848e-01,5.429820658445547732e-01,4.275391254572353805e-01,3.826694027770957129e-01,1.987150834485356121e-01,9.598884159388300363e-02,8.726162992770153393e-03,-6.183546085724331287e-02,-1.851320082763587005e-01,-2.223288488469420676e-01,-3.591035402296576251e-01,-5.718835571007081509e-01,-5.576269061061698284e-01,-7.048620328545721625e-01,-7.224644001091916623e-01,-7.373305217249706001e-01,-8.119750333861378566e-01,-8.805149436544599251e-01,-9.059082956895282424e-01,-9.371761812193650787e-01
4.030321666321616814e-01,9.712294833860658505e-01,9.309434030906158508e-01,8.971099229333980851e-01,9.354911626540467484e-01,9.042209413566610898e-01,9.231272092103961491e-01,8.094609631774477565e-01,7.871288318461462374e-01,6.969941722240753368e-01,6.111348634680053848e-01,5.429820658445547732e-01,4.275391254572353805e-01,3.826694027770957129e-01,1.987150834485356121e-01,9.598884159388300363e-02,8.726162992770153393e-03,-6.183546085724331287e-02,-1.851320082763587005e-01,-2.223288488469420676e-01,-3.591035402296576251e-01,-5.718835571007081509e-01,-5.576269061061698284e-01,-7.048620328545721625e-01,-7.224644001091916623e-01,-7.373305217249706001e-01,-8.119750333861378566e-01,-8.805149436544599251e-01,-9.059082956895282424e-01,-9.371761812193650787e-01
3.876272124587428758e-01,8.701523504741863757e-01,9.624516494859980398e-01,9.373868482374696498e-01,9.689218601008471321e-01,9.665541059145872360e-01,9.750915939123830922e-01,8.994854972872948773e-01,9.125451877554685565e-01,8.263958537566397089e-01,7.780173399758940622e-01,8.027311498050344607e-01,7.214952274735586535e-01,6.540036245766718270e-01,5.363838883820837289e-01,3.865285584693455290e-01,3.619259226977886712e-01,2.527531079839943073e-01,1.707295349708213283e-01,5.284077082653240720e-02,-7.917577910003947839e-02,-2.059539499165067844e-01,-2.995407271007048400e-01,-4.513709968361686586e-01,-5.158594283879054387e-01,-5.681756039173282424e-01,-6.258606588822035466e-01,-7.416944784050920614e-01,-8.006930812658732410e-01,-8.796749087244373211e-01
3.835532390154633986e-01,8.397816110347569030e-01,9.479310050186298131e-01,9.297624077714550239e-01,9.605990109021604884e-01,9.757269092222111695e-01,8.858486319037710555e-01,9.161954039618929180e-01,9.320294650762880329e-01,8.524882207526942590e-01,8.484537338415152341e-01,8.911478335681249918e-01,7.692313860908392975e-01,6.979031105144403169e-01,6.088834919272937407e-01,4.531162620740919467e-01,4.330478306950216183e-01,3.309631497246550147e-01,2.443080983714789045e-01,1.196064396596219215e-01,4.985164526198071488e-04,-1.240647605991124502e-01,-2.281795955925526587e-01,-3.737993107691544026e-01,-4.449673162640229163e-01,-4.340187157011539121e-01,-5.619476607401125978e-01,-6.891994739797178138e-01,-7.536729197336726749e-01,-8.403216571230254228e-01
3.749325404554975094e-01,7.842689439720695876e-01,9.373253193827423280e-01,9.266406108864690960e-01,9.540346643309813857e-01,9.860103552860487452e-01,1.000000000000000000e+00,9.843038173711500249e-01,9.844529501496455115e-01,9.156471704247761689e-01,9.384576107732687245e-01,9.452119960517562092e-01,8.809656629952932194e-01,8.028393659405351768e-01,7.875255286189831727e-01,6.064449763845305430e-01,5.965538378404309228e-01,4.899338619544222340e-01,4.059775206195434527e-01,2.503970405008994482e-01,1.678435359596932852e-01,4.099127734352606134e-02,-9.698100121421185382e-02,-2.246408899435717033e-01,-2.857963133935100819e-01,-3.889898503470582414e-01,-4.371523228914654391e-01,-5.954773848324368402e-01,-6.619644850918285917e-01,-7.914520674149435608e-01
3.644911920214851109e-01,7.046616617587082576e-01,8.197395877138378140e-01,8.134355173702547681e-01,8.790294737568418171e-01,9.344502218296253382e-01,9.751943136220484476e-01,9.759733464905112621e-01,9.845091341195439938e-01,9.464281220902264202e-01,9.615502098251829111e-01,9.610013874412335344e-01,9.251087423551065392e-01,8.650997912799049949e-01,8.642880047653982434e-01,7.344142255473259384e-01,7.300411725050643952e-01,6.654739725227112324e-01,5.607770480542471070e-01,4.188946119255470002e-01,3.807562255007864160e-01,2.368333510804366826e-01,1.213696189182370544e-01,-5.974897499222364683e-02,-7.889339220332697300e-02,-2.504140871528762746e-01,-2.288656965069318094e-01,-3.966203441473741265e-01,-4.866767729904435402e-01,-5.879438417941806883e-01
3.589061137914410504e-01,6.686803103230500867e-01,7.321617104437312396e-01,7.563647392967269845e-01,8.181696597018955908e-01,8.845048931936116965e-01,9.495099637662118841e-01,9.591958192814284967e-01,9.684133751311800875e-01,9.152545786466819155e-01,9.606629056665021427e-01,1.000000000000000000e+00,9.308508770488508333e-01,8.792584455559908641e-01,8.948263298847592973e-01,7.777375268952355647e-01,8.599706184024777933e-01,7.226901898337997343e-01,6.324569184390833598e-01,4.392583195148966890e-01,4.663625857055616608e-01,3.426183979956675674e-01,2.201074717770781786e-01,1.676727298467496352e-01,3.724444768525148053e-02,-1.721857355552861568e-01,-1.226841050227707175e-01,-2.400190028667311126e-01,-3.832456001570579973e-01,-5.657713199890554989e-01
3.531378198295607729e-01,6.599981159134984399e-01,6.487932938389243676e-01,6.616541561283506567e-01,7.674185020832192672e-01,8.176761550261433253e-01,9.028122000960018267e-01,9.433952595512098416e-01,9.416204823278314651e-01,9.630693679253313766e-01,9.593264083361557892e-01,8.860602197972202720e-01,9.437252505759341492e-01,9.338148158226059481e-01,9.080347037491547368e-01,8.878907741570081225e-01,8.316180029694222320e-01,9.015051635293507282e-01,6.889945747768284612e-01,5.582348135284167512e-01,5.561619403914879189e-01,4.099226502802015837e-01,3.262128326982626780e-01,3.087704807000970497e-01,1.556383117460826693e-01,-1.369483037454877206e-01,-2.803793705462510888e-02,-1.637949483258381578e-01,-2.706468836545738998e-01,-4.816928922038823946e-01
3.464737566543377167e-01,6.038833474805966883e-01,5.770444903513897161e-01,5.938262566385554830e-01,7.216108090542786568e-01,7.912533979931580808e-01,8.909576158536633983e-01,9.401169574990904110e-01,9.463882117915456416e-01,9.749400760688377021e-01,9.763020720501132121e-01,9.117907509588720760e-01,9.744907990598343783e-01,9.713031621671767146e-01,9.614727983685931179e-01,9.650220842464111159e-01,9.208773857602350343e-01,9.435453844689715153e-01,7.989972564179441683e-01,6.639345892807611005e-01,6.966024888375378366e-01,5.410098011820342334e-01,4.684963485844506614e-01,4.624865756116463555e-01,2.870298764560644811e-01,-4.293313122412784760e-02,1.077162221781192558e-01,-3.373896627533037873e-02,-1.617485877925517179e-01,-3.453857725606818696e-01
3.468307406202200127e-01,6.155093656604166963e-01,5.474522338472249672e-01,6.043435551481215473e-01,6.929683094668888099e-01,7.558365761895611268e-01,8.828164884616407360e-01,9.220497468549038178e-01,9.307298046162361116e-01,9.212001410373804600e-01,9.489770273263810063e-01,1.000000000000000000e+00,9.449144968994716010e-01,9.395259243332477750e-01,9.442927562606171499e-01,8.973837286135672997e-01,8.804881757970101086e-01,8.687754942781455991e-01,7.889076979295734926e-01,5.536616070420096181e-01,6.490515645036911696e-01,5.361491650449274893e-01,4.332164954515827504e-01,4.830646936468266928e-01,2.876436544644864757e-01,-4.564269250322704197e-02,9.454244858619098579e-02,3.660954945199790256e-02,-1.520166958343152352e-01,-4.803004427267187904e-01
3.455724911042039604e-01,6.259200861006637417e-01,5.404016828107827131e-01,5.630748784941890239e-01,6.970142674738084576e-01,7.467204334126831267e-01,8.601455922651719543e-01,9.245801316672994652e-01,9.178203836850673536e-01,9.808451126038557621e-01,9.612729752606206102e-01,8.436190660891262905e-01,9.597222701243044440e-01,9.805583675913559505e-01,9.415702440045212729e-01,9.900480179985453599e-01,9.045203941385114854e-01,1.000000000000000000e+00,7.755017610349130841e-01,6.593038121660032003e-01,6.801008683843602354e-01,5.288447612976230339e-01,4.666679917114059384e-01,4.986181185661567872e-01,3.106598419608881390e-01,-5.793511670538240010e-02,1.086421762474228808e-01,-1.298172109779269223e-02,-1.294372308669576310e-01,-3.949668644199521017e-01
3.374536677626093217e-01,5.656975177809993038e-01,4.244087592146604804e-01,4.869424436096679853e-01,6.120165778030866033e-01,6.758282072119772277e-01,8.429038809061808468e-01,9.034550684138615839e-01,9.186212680471860237e-01,9.512797114931859088e-01,9.569490372775233400e-01,9.748569473365996663e-01,9.706239996643353241e-01,9.983510161841904207e-01,9.933345706095757510e-01,1.000000000000000000e+00,9.794598776345787572e-01,1.000000000000000000e+00,9.388844428827550770e-01,6.906031670598140604e-01,8.141025904480522213e-01,6.902271132457111769e-01,6.138040779071732844e-01,7.135752274796810513e-01,4.777852295849234765e-01,5.212658079977974812e-02,2.688091027919466969e-01,2.178916839060367483e-01,1.828991527770118530e-02,-3.478960736038689827e-01
3.367422654035714391e-01,5.813439380515179611e-01,4.042580058774762897e-01,4.585288973831224135e-01,6.039836853288319540e-01,6.762641049671193061e-01,8.139566796849680985e-01,8.976183318494956875e-01,8.909307189334134680e-01,9.682311220774327820e-01,9.549863840112196023e-01,8.631183723685095233e-01,9.696251473964869749e-01,1.000000000000000000e+00,9.815726197521307261e-01,1.000000000000000000e+00,9.797438957844843976e-01,1.000000000000000000e+00,8.895670859725762769e-01,7.266873097242345647e-01,8.142485378858126399e-01,6.785026682798684927e-01,6.225914299780788141e-01,7.700249528856819570e-01,4.939283652947948910e-01,4.445058061944220928e-02,2.703462487939842784e-01,2.036332257018933223e-01,3.789280771110653534e-02,-3.411451648862211528e-01
2.780714615724462213e-01,-6.849517031102416720e-01,-6.874157246173256963e-01,-6.169846036521281496e-01,-7.930844247459235552e-01,-5.803251932089261711e-01,-5.400023087621352857e-01,-2.497999773869047924e-01,-5.904335069861552099e-02,6.851356003871522660e-02,-4.916828911487286513e-03,6.677435914905782699e-02,9.692370448013067075e-02,3.663960110346251575e-01,6.586016468606932239e-01,5.459131794500827750e-01,6.727932031564327620e-01,7.210766780130850595e-01,4.885361448918743577e-01,9.030859538549119714e-01,8.395581394384409313e-01,1.000000000000000000e+00,9.233523471633106050e-01,1.000000000000000000e+00,9.678184052895971723e-01,8.995103736222793689e-01,9.350612088426135671e-01,8.391885975975469369e-01,8.905245563058075131e-01,8.241159497584047422e-01
2.745613722085170627e-01,-7.453529388581640047e-01,-6.170249052778056242e-01,-6.642512949747477746e-01,-8.453553003948351963e-01,-6.232109638433234178e-01,-6.016148624359660690e-01,-3.134554722444796160e-01,-1.249306037648524048e-01,-7.349820258276962281e-04,-6.719067972019393542e-02,1.184389773237042032e-02,4.201287915888401309e-02,3.108922683047886104e-01,6.088484678445189591e-01,4.923239443541591598e-01,6.195502311324432299e-01,6.781704748920980297e-01,4.835983515542351396e-01,8.687411225317616115e-01,8.124813435203516176e-01,9.795829880952762192e-01,9.050464331008212238e-01,9.909985896832915753e-01,9.673019697391058713e-01,9.188398722370576532e-01,9.461704102020500606e-01,8.573033934868889983e-01,9.161545236361894329e-01,8.490023580934866754e-01
2.649794626413766729e-01,-8.985696390774273734e-01,-8.623428525198709726e-01,-7.945059469332128588e-01,-9.835109636215044748e-01,-7.425882721470592474e-01,-7.697526554695011125e-01,-4.857866797732968145e-01,-2.961699914377301512e-01,-1.759093747529039686e-01,-2.224924561423880509e-01,-1.439324223144080039e-01,-1.119662450026799455e-01,1.612238265946962512e-01,4.734029269444500754e-01,3.571611269317261916e-01,4.975929203399767076e-01,5.601892214177950358e-01,4.009168452848417830e-01,8.047526365432099427e-01,7.397735732745636117e-01,9.355779671264965458e-01,8.225544268347710908e-01,9.542436464560424270e-01,9.688155449809724429e-01,9.767503036005087402e-01,9.777029854323213698e-01,9.155517512161566174e-01,9.813266016760655575e-01,9.618307915493662374e-01
2.607744154095604783e-01,-9.188518780397009200e-01,-8.737569266166225201e-01,-8.178328112895101309e-01,-9.762008132174596620e-01,-7.769518762192506589e-01,-7.918036969013761972e-01,-5.349761732365624356e-01,-3.615745377592545218e-01,-2.501126956156649039e-01,-2.699493906379935027e-01,-2.057043865262951077e-01,-1.697225162495579198e-01,8.588448791010458438e-02,3.781406695308895394e-01,2.835898242394156443e-01,4.231843445309245166e-01,4.853986719840585051e-01,3.693076720258341439e-01,7.372314792059200261e-01,6.814617937013136562e-01,8.711559342529929806e-01,7.845456641376467033e-01,9.084872929120847429e-01,9.376310899619448858e-01,9.535006072010174805e-01,9.554059708646426285e-01,9.389129433314844508e-01,9.687504896616919714e-01,9.703944662271264399e-01
2.594111928913502285e-01,-9.380897885605752329e-01,-9.014893674586230699e-01,-8.298021838766500569e-01,-9.822694775394765765e-01,-7.873973835145825495e-01,-7.694011454558488117e-01,-5.576552956534864824e-01,-3.852497829349084135e-01,-2.851115342313124135e-01,-3.038262387032457656e-01,-2.276705146164907934e-01,-1.801547634360434746e-01,6.435568236942570963e-02,3.605593355834211255e-01,2.834151988524398202e-01,3.987379509993672078e-01,4.686215805533050505e-01,3.995193445500926366e-01,7.033548473380910604e-01,6.743087512445811171e-01,8.570957743545333241e-01,8.099135505932364421e-01,9.063292518641118400e-01,9.402575376088797565e-01,9.602523712078380180e-01,9.634268565986248145e-01,9.628761912439354198e-01,9.697438445737203150e-01,9.375158690791290939e-01
2.568344900131185327e-01,-9.622244115539637654e-01,-9.238191819129527582e-01,-8.472383270594956439e-01,-9.915285546710952413e-01,-8.092191873504062105e-01,-7.887766001657650072e-01,-5.915676809070729014e-01,-4.311632418585870097e-01,-3.384988113959691569e-01,-3.433145939530114488e-01,-2.630640288240762570e-01,-2.144095749605704759e-01,1.826461978742119352e-02,3.060212088024139021e-01,2.338271035736155801e-01,3.426478604550901030e-01,4.258576278921077929e-01,4.176488210488266128e-01,6.500712646789963411e-01,6.408915527037162274e-01,8.162617505450855404e-01,8.046963012839651874e-01,8.883264312306948796e-01,9.231338691526957962e-01,9.486665552485342712e-01,9.531758637388043631e-01,9.726048022709785634e-01,9.693147005421682838e-01,9.227131021926922028e-01
2.543964686060301572e-01,-9.733479004161602610e-01,-9.303332682770044659e-01,-8.613972721689082679e-01,-9.826404710522715913e-01,-8.255685079926726733e-01,-8.021890994887752591e-01,-6.189629626307402432e-01,-4.686040640055695317e-01,-3.800025227853657261e-01,-3.662637111643251009e-01,-2.997238045367591752e-01,-1.646412336845319013e-01,-2.686646961644081205e-02,2.500459458676927982e-01,1.695288096882989204e-01,2.925443371351754696e-01,3.822332319704034864e-01,4.076561497519741728e-01,6.150671320648617435e-01,6.054223634733806314e-01,7.695794847681821649e-01,7.826522467384919857e-01,8.618609529987559803e-01,8.964570108477907251e-01,9.280587252730878589e-01,9.363203609083381451e-01,9.587518294465804392e-01,9.639804468395611892e-01,9.338411783466893379e-01
2.491049715883568993e-01,-1.000000000000000000e+00,-9.643284761555712681e-01,-8.948429347867559169e-01,-9.822052247676551495e-01,-8.670586259154793307e-01,-8.184073214984123323e-01,-6.855511040594619576e-01,-5.548211002894891664e-01,-4.820490968015965771e-01,-4.381493386752935981e-01,-3.776194956479347331e-01,-1.909787280254578723e-01,-1.209116177220093402e-01,1.383674553293141596e-01,7.571265106658528476e-02,1.900200455327748505e-01,2.932552372467077118e-01,4.110258019855403955e-01,5.202243798256875884e-01,5.382467585727891413e-01,6.865802435890249189e-01,7.627011566903524331e-01,8.156696062701127570e-01,8.602777437811999217e-01,9.037129361093774182e-01,9.156290486463465328e-01,9.803518685617923500e-01,9.553073694213090050e-01,9.198463717453508881e-01
2.414848030552747549e-01,-9.768531590556015498e-01,-9.576164573868805041e-01,-9.260484516302767144e-01,-9.714857284628442002e-01,-8.910775581719436733e-01,-8.996629431921280284e-01,-7.771546376605225070e-01,-6.771112490029469466e-01,-6.184841257318933749e-01,-5.449886394118590438e-01,-4.773889229350993801e-01,-4.206820496220374794e-01,-2.479636314997418489e-01,-4.523153986184130781e-02,-4.091567131253685818e-02,1.165637435292705137e-01,1.505415385654066407e-01,2.326346093260607262e-01,3.705281161024889247e-01,4.318866738762692226e-01,5.255458388403104752e-01,6.463935003058944861e-01,6.825524122087316403e-01,7.342978796706903788e-01,8.279233176624127832e-01,8.400030972713876665e-01,8.532464763502012328e-01,9.099573351044567548e-01,9.202737206443579732e-01
2.377434560871676261e-01,-9.712316613824856226e-01,-9.688898771282981048e-01,-9.409248536249480432e-01,-9.766754981335257213e-01,-9.123893037640513626e-01,-8.518242627496893649e-01,-8.080794116169738306e-01,-7.128179479221736781e-01,-6.688718521053225174e-01,-5.948237008943877413e-01,-5.321406407504034597e-01,-4.325341895894924682e-01,-3.075118031778697469e-01,-7.669729355841287122e-02,-1.064886548145164424e-01,-1.374898984560063431e-02,7.651446445296061771e-02,1.655129149687179502e-01,2.918084510362922157e-01,3.669387928105816155e-01,4.571539591906806366e-01,5.824321162454991763e-01,6.001397698116817114e-01,7.306087479878780044e-01,7.701123208929168129e-01,7.813833751704277741e-01,8.612114776899142399e-01,8.821446628981637339e-01,9.033126804334440374e-01
2.307025292838330299e-01,-9.537709832316476621e-01,-9.723451554786848305e-01,-9.706226680639988835e-01,-9.739414515834809993e-01,-9.469231180569146478e-01,-9.967674409109108513e-01,-8.979418834592401977e-01,-8.411499028961531010e-01,-8.048539742493432403e-01,-6.926434565922996445e-01,-6.240482215535433363e-01,-5.763287109314751966e-01,-4.541557706098359182e-01,-3.089025527905632784e-01,-2.306709805912620093e-01,-8.741637442602664954e-02,-5.258303071043304855e-02,8.459161762770769921e-02,1.485893785195778749e-01,2.683676149284371371e-01,3.162431763921520478e-01,4.717537301290835594e-01,5.448633585734308227e-01,5.842960065269443559e-01,7.149567092445940908e-01,7.634466923042202424e-01,7.903373924729024669e-01,8.539545301662756493e-01,9.049680004246263287e-01
2.258964864260690486e-01,-9.614432027902293232e-01,-9.898958207291382871e-01,-9.955375515724933511e-01,-9.723259883991304253e-01,-9.730666087961723498e-01,-9.491134334607571610e-01,-9.475688720312238633e-01,-8.990908673674654628e-01,-8.812975778373113300e-01,-7.580135736083749576e-01,-6.943028492587954847e-01,-6.383779282129641297e-01,-5.211564536745673104e-01,-3.561715428875408818e-01,-3.065885499542969073e-01,-2.037293456262017077e-01,-1.408936668874576359e-01,3.980648906584727253e-03,5.856957426365028141e-02,1.984114185381098405e-01,2.304858050026655780e-01,4.269828579407949909e-01,4.416409725990191326e-01,5.745282458274547643e-01,6.635613128786699288e-01,6.949465408683688228e-01,7.770042592030752537e-01,8.271317045615209640e-01,8.888760914724125328e-01
2.207663231752221566e-01,-9.209694204279761376e-01,-9.387720906671547239e-01,-9.370787083739262613e-01,-9.861783150213727644e-01,-9.773346610757139841e-01,-9.795415823581327119e-01,-9.387358462212440635e-01,-9.144663843560605354e-01,-8.957016951627847501e-01,-8.135163414261683545e-01,-7.524431487780185446e-01,-6.758197796988725248e-01,-6.163928687905736448e-01,-5.454505256819289771e-01,-4.409018608372867187e-01,-3.809291879680061221e-01,-2.478951997143405694e-01,-5.823459838559832957e-02,-6.834870994257871701e-02,9.166491399988707656e-02,1.419382452311277187e-01,2.807272162050064024e-01,3.671571244765204911e-01,4.087889665977156861e-01,5.437226146918620051e-01,5.782341330946000335e-01,7.450829165040810942e-01,8.166817564486252845e-01,9.418338858781496459e-01
2.121301027702043318e-01,-8.776442523259159190e-01,-9.261494304346701290e-01,-9.420570191556210116e-01,-9.767226612661310536e-01,-9.988280369709559015e-01,-9.856532692861441625e-01,-9.993227014040505507e-01,-8.650214265740359121e-01,-9.945565364073238879e-01,-9.063905744759827021e-01,-8.705116333417900476e-01,-8.256333488681923960e-01,-7.337715018349530993e-01,-7.021435275914791330e-01,-5.545250390005007635e-01,-5.485769952617037815e-01,-4.060662500417455689e-01,-2.384490860690729186e-01,-2.415342249496454652e-01,-6.000902347045532215e-02,-2.783973785750219754e-02,1.158310468229352269e-01,2.017894468096379235e-01,2.819627500095015504e-01,4.049152708395591937e-01,4.520078806748758504e-01,6.231707806048818465e-01,7.046236410005901618e-01,7.916269941972232660e-01
2.052237488541121535e-01,-8.031495090655547120e-01,-8.611367286718356606e-01,-8.864481747179882021e-01,-9.486380672419952864e-01,-9.803519756711944755e-01,-9.685844325070795957e-01,-9.875055457514106960e-01,-9.909430132486021225e-01,-9.918880059891137524e-01,-9.419553055621887605e-01,-8.829906808799812268e-01,-8.824269741264182398e-01,-7.981858771221974624e-01,-7.869168750069853724e-01,-6.429029406486133080e-01,-6.630324662977222783e-01,-5.147228548625365496e-01,-3.709614612282377544e-01,-3.675494960932047528e-01,-1.881766979991705280e-01,-1.467928852371392368e-01,-2.406516515859460220e-02,7.871578455722960665e-02,1.607378656246344073e-01,2.544007779043806483e-01,3.303571025368965408e-01,4.825797330080185965e-01,5.650841888823514569e-01,7.016495894854745119e-01
1.973219663307742011e-01,-7.120420201314382469e-01,-7.609180465838627505e-01,-8.113557831175250978e-01,-9.058504600700776344e-01,-9.457437791297598206e-01,-9.556403263442048157e-01,-9.652258316380297742e-01,-9.760429033639669294e-01,-9.716080209618981334e-01,-9.840106638540662143e-01,-9.358581554546133718e-01,-9.379425478682648087e-01,-8.788575470637878251e-01,-8.581423149066246259e-01,-7.746136934995122569e-01,-7.604168291607393826e-01,-6.324347366430557171e-01,-5.022741131974016726e-01,-5.016249371555852044e-01,-3.124721378781236680e-01,-2.745694982174977650e-01,-1.543342908023651316e-01,-5.222602107225292334e-02,4.227153423800651677e-02,9.738586452216854705e-02,2.052623776244675846e-01,3.260815187408123705e-01,4.369588090187990215e-01,5.887269610202823245e-01
1.894119388206462196e-01,-6.066098168092031173e-01,-6.655487853405092080e-01,-7.417372215412149083e-01,-8.432939409792781227e-01,-8.892537710674089935e-01,-9.151373147631125526e-01,-9.287049148371810947e-01,-9.523196483691673819e-01,-9.312478129774700575e-01,-1.000000000000000000e+00,-9.697158520650707159e-01,-9.711833634524956738e-01,-9.349343312269138284e-01,-9.044860070532583229e-01,-8.632767136588994639e-01,-8.386242883725026909e-01,-7.321454886140801310e-01,-6.217870859283699536e-01,-6.212798046672948216e-01,-4.368230743491877677e-01,-4.043015996177584115e-01,-2.800017835281856105e-01,-1.813974652452559344e-01,-7.604811447856679729e-02,-6.676199832883353280e-02,8.411236812340422420e-02,1.516203352426908069e-01,2.922464262145063052e-01,4.538014804217451181e-01
1.832578923416123273e-01,-5.246463755705845777e-01,-5.796593974299968366e-01,-6.515549574818828571e-01,-7.984589343574410858e-01,-8.466979515102234233e-01,-8.891798739305418753e-01,-9.001852458801644641e-01,-9.257179591836971477e-01,-9.151168419336972448e-01,-1.000000000000000000e+00,-9.895728251405762066e-01,-9.967290608050556333e-01,-9.797646085026890939e-01,-9.554986910112126530e-01,-9.504284432526246551e-01,-9.027164122903736931e-01,-8.120071160960395940e-01,-7.083729021323936781e-01,-7.133069727712899599e-01,-5.338630938767718881e-01,-5.033143605666295928e-01,-3.836147414228215369e-01,-2.919822228502105821e-01,-1.840325955959451754e-01,-1.783559692780647687e-01,-2.615802984186685332e-02,3.795774137256502367e-02,1.901898404946302801e-01,3.565318378405223920e-01
1.770956008757884059e-01,-4.283582199438471516e-01,-4.986194303641039438e-01,-5.668465234467036096e-01,-7.338550158167220783e-01,-7.822603204321216808e-01,-8.356635276797539369e-01,-8.574243742356799647e-01,-8.902931248880625592e-01,-8.789056479327118643e-01,-1.000000000000000000e+00,-9.904200202519070073e-01,-1.000000000000000000e+00,-1.000000000000000000e+00,-9.816296272161613157e-01,-9.945324401548381044e-01,-9.476316325569910104e-01,-8.738676137685041923e-01,-7.831590390982217098e-01,-7.909135673246143750e-01,-6.309586099964668016e-01,-6.042826099354028369e-01,-4.826260663995074474e-01,-4.007966189986856831e-01,-2.918703940432689770e-01,-2.970828896960859833e-01,-1.324837123957723350e-01,-9.366782172847620824e-02,7.154625183401397415e-02,2.372593431259547581e-01
1.697097676030057956e-01,-2.988356585049379843e-01,-3.782642714517804872e-01,-4.347858988504912925e-01,-6.215130443115439718e-01,-6.477807990105697300e-01,-7.383216225597539761e-01,-7.723208373621894829e-01,-8.145549614277028949e-01,-8.150203264010694726e-01,-9.472764954024099904e-01,-9.486994579896829149e-01,-9.747766592598267055e-01,-9.906068073826858056e-01,-9.815486678299376599e-01,-1.000000000000000000e+00,-9.678543411570850186e-01,-9.221580619239951870e-01,-8.368258045805843093e-01,-8.491267731604785762e-01,-7.236712668755505007e-01,-7.014327937795161727e-01,-5.851739762345993245e-01,-5.243935562219845803e-01,-4.168275641300506207e-01,-4.102505626859752064e-01,-2.640138284067901076e-01,-2.293202150136451900e-01,-6.560629140073961918e-02,8.828959178590303769e-02
1.640897467090493556e-01,-1.872985802568932212e-01,-3.066616672602561211e-01,-3.333133999049896490e-01,-5.346594722219268903e-01,-5.769626201296420565e-01,-6.458432638541407034e-01,-7.063486881207330370e-01,-7.545403463228992358e-01,-7.603622047657033756e-01,-8.941760267837286502e-01,-9.055605109872186809e-01,-9.541966415870428708e-01,-9.826021038711099109e-01,-9.739520727727001281e-01,-9.877229544310350828e-01,-9.779733853003472754e-01,-9.416090142207226288e-01,-9.074817269234696226e-01,-8.909867091454641841e-01,-8.089786486271690613e-01,-7.893166081071143481e-01,-6.726848166956185260e-01,-6.447747396837761880e-01,-5.265581542912712854e-01,-5.128217074847316592e-01,-3.660420038280128852e-01,-3.515731309349480194e-01,-1.890661501578033421e-01,-4.743170433851007228e-02
1.563207774172457043e-01,-4.962277695984711190e-02,-1.760041240780494676e-01,-1.933823194642911303e-01,-4.141933214624618498e-01,-4.121125726659620181e-01,-5.443023098684782735e-01,-6.195193284904347841e-01,-6.798872172837820971e-01,-6.949366048892289260e-01,-8.416821133533740618e-01,-8.663793062904145970e-01,-9.316849646397090678e-01,-9.746373718336693859e-01,-9.767492289339001488e-01,-1.000000000000000000e+00,-1.000000000000000000e+00,-1.000000000000000000e+00,-9.350147224192718598e-01,-9.552928152530872907e-01,-9.111386040908616701e-01,-8.982981859768889299e-01,-7.815292355080465381e-01,-7.608658412386477554e-01,-6.626872660021774220e-01,-6.352601458061370998e-01,-5.081195295956756341e-01,-5.030251630871316326e-01,-3.375457080658840203e-01,-2.088870462111301896e-01
1.504220295677429209e-01,6.005323779143456608e-02,-5.732977617062934295e-02,-9.885243923928282994e-02,-2.532086419369102281e-01,-3.402867496794009794e-01,-4.293236078806806910e-01,-4.749338448403425672e-01,-5.676478047599411436e-01,-5.906215290052527767e-01,-7.503879498078279697e-01,-7.819819550280278087e-01,-8.546930678346953414e-01,-9.190478359352058924e-01,-9.213249913262959723e-01,-9.735500704603798905e-01,-9.776353078909584271e-01,-9.916602524820143927e-01,-9.524994041852572479e-01,-9.524831026306177506e-01,-9.067154629433911150e-01,-8.983343386918252182e-01,-8.277394921700598207e-01,-8.013629450575633362e-01,-7.034314276871749261e-01,-6.890683238012986767e-01,-5.977944235845706888e-01,-5.643743687319564550e-01,-4.278369227290059196e-01,-3.190696864929364884e-01
1.436135094857665107e-01,1.961845265755093326e-01,7.734099238434904988e-02,3.588389624740839778e-02,-1.132662569494955473e-01,-1.956046419212438270e-01,-3.143775123012551020e-01,-4.044329342449931586e-01,-4.995529933939247824e-01,-5.058109124561182002e-01,-6.770622657566999214e-01,-7.405209231609488629e-01,-8.198342253610062524e-01,-8.882931529895470302e-01,-8.920588231204338303e-01,-9.879599116269232040e-01,-9.962180670685859551e-01,-1.000000000000000000e+00,-9.809513756794057127e-01,-9.849608295800560409e-01,-9.975927920562644990e-01,-9.897025916697557157e-01,-9.029562695838009301e-01,-8.765793612533619994e-01,-8.244115906029019225e-01,-7.888110581195525439e-01,-7.077172853523951979e-01,-6.828192338336742662e-01,-5.593783080638460303e-01,-4.728367257349694319e-01
1.369965285690846191e-01,2.992313218115083551e-01,1.874111237374362915e-01,1.460410003968725945e-01,-1.166625880339378085e-02,-6.994667298319931503e-02,-1.966486960158191910e-01,-2.525660721145547849e-01,-3.818318651249950069e-01,-4.062414433413961690e-01,-5.671727999865672221e-01,-6.390046023768396477e-01,-7.239582978154720516e-01,-8.070561634186241839e-01,-8.117156328132348886e-01,-9.232485751223616921e-01,-9.384276070602519670e-01,-9.844633918660026239e-01,-9.465711794788220779e-01,-9.811623391112533898e-01,-9.732912451352887517e-01,-9.713284338991020617e-01,-9.086289544404209106e-01,-9.134984637614838032e-01,-8.526168041355621785e-01,-8.174145096627078999e-01,-7.648178582502579426e-01,-7.469311144457846385e-01,-6.215440484457104287e-01,-5.487655907730801808e-01
1.302837780697554682e-01,4.188203638215452496e-01,3.097815736914690810e-01,2.684877202149503206e-01,1.091049327633644428e-01,6.522336536490150327e-02,-8.031124008338844100e-02,-1.413821857516608937e-01,-2.889238953075219385e-01,-3.140514005094678929e-01,-4.755652250759368482e-01,-5.675159260512455672e-01,-6.585909128058604622e-01,-7.510603271603333297e-01,-7.569109535567043467e-01,-8.980978274533526484e-01,-9.188237566448986815e-01,-9.808649615579967396e-01,-9.436070671256044928e-01,-9.955019573515712095e-01,-1.000000000000000000e+00,-1.000000000000000000e+00,-9.490736855756014556e-01,-9.695662231134440923e-01,-9.272094923597558047e-01,-8.815876025934125115e-01,-8.483295755831015139e-01,-8.382094873026987303e-01,-7.183976113040626554e-01,-6.636135429131519992e-01
1.261276046027890174e-01,5.224026701191328836e-01,4.106485472007839199e-01,3.726023501766597690e-01,2.389892175809797403e-01,2.025338732526881236e-01,3.793389637637673006e-02,-2.952006781592692031e-02,-2.026887334243628325e-01,-2.352903298141919008e-01,-3.786602462816518466e-01,-4.949047925840810991e-01,-5.807202022305439915e-01,-6.793762392939631800e-01,-6.887018808262230785e-01,-7.866370042066299639e-01,-8.093143332392349620e-01,-9.460399971948454390e-01,-9.375643784333167474e-01,-9.792303242989250922e-01,-1.000000000000000000e+00,-1.000000000000000000e+00,-9.714810928528090361e-01,-9.977041374060179324e-01,-9.761329279874044751e-01,-9.178150411828940314e-01,-9.034361446601711920e-01,-8.768073173718178293e-01,-7.837263182593916522e-01,-7.453367179033598688e-01
1.198509009886322974e-01,5.935326898508302973e-01,5.635429260567257348e-01,4.478892184724613257e-01,3.718408374336782396e-01,2.655471907574937229e-01,1.411707430604786095e-01,5.856232087927892849e-02,-9.945595176184729436e-02,-1.412074221741901336e-01,-2.738289168991315248e-01,-3.983920782492250123e-01,-4.741249532509171360e-01,-5.825876998834896847e-01,-5.995660735874811520e-01,-7.391569452707269505e-01,-7.739671531115226433e-01,-8.421552776132034124e-01,-8.847650550135295333e-01,-9.151558827951690178e-01,-9.860882284680511090e-01,-9.941773436805385611e-01,-9.713502361336880941e-01,-9.753639098971862431e-01,-9.785731458737886301e-01,-9.374080934087241079e-01,-9.331972161284700640e-01,-9.026015124706362469e-01,-8.394198492832316560e-01,-8.067639886369282198e-01
1.087955604229772777e-01,7.450735495907948591e-01,6.618130077129960043e-01,6.306283249858147810e-01,5.560208673038857796e-01,5.101910926915130817e-01,3.667942008549891497e-01,3.064711817581093345e-01,1.203068659803728235e-01,3.427037567462715151e-02,-3.521541563823726850e-02,-1.821216164669668958e-01,-2.402664204195308351e-01,-3.632264656215546950e-01,-3.917637298679947366e-01,-5.023940672876073821e-01,-5.554981720858734873e-01,-6.843105552264068248e-01,-7.426420810875193901e-01,-8.156829216833132445e-01,-8.881294769144348900e-01,-9.072476899984545096e-01,-9.183171686078209772e-01,-9.584349385262961318e-01,-9.710103765439508372e-01,-9.324542163844803389e-01,-9.590793911478252554e-01,-9.425897203610555941e-01,-8.976287905046552718e-01,-8.767415720150477654e-01
1.025188568088205576e-01,8.162035693224922728e-01,8.147073865689378191e-01,7.059151932816163377e-01,6.888724871565843344e-01,5.732044101963187366e-01,4.700310475390910292e-01,3.945535704533151833e-01,2.235396476428883616e-01,1.283532833146289187e-01,6.961591374428305334e-02,-8.560890213211080901e-02,-1.336711714399039796e-01,-2.664379262110811997e-01,-3.026279226292528657e-01,-4.549140083517043687e-01,-5.201509919581611685e-01,-6.737772530916715796e-01,-6.898427576677321760e-01,-7.516084801795570591e-01,-8.585318239061361378e-01,-8.905083157309292563e-01,-9.181863118887000352e-01,-9.378815069198689347e-01,-9.734505944303348812e-01,-9.520472686103105264e-01,-9.888404626161241273e-01,-9.683839154598741228e-01,-9.533223215284952756e-01,-9.381688427486161164e-01
9.577530558126497173e-02,8.699549893371993914e-01,8.509833123931398458e-01,7.837052677692997182e-01,7.628072009092030648e-01,6.694577851071946695e-01,5.763740002111755745e-01,5.186092248344390532e-01,3.494935849528129079e-01,2.244115555897853165e-01,2.021051379398700887e-01,4.626377268792342123e-02,9.968507497055023592e-03,-1.314829315617892236e-01,-1.815453256054983810e-01,-3.490674525654309246e-01,-4.295945287112440392e-01,-5.088655459550738280e-01,-5.745827128874936296e-01,-6.731888737592106597e-01,-7.658989358815868620e-01,-8.129386934414369881e-01,-8.615732416066137489e-01,-9.002830816974675132e-01,-9.316959951838159615e-01,-9.260595449564740234e-01,-9.743624349399130358e-01,-9.758752476005541077e-01,-9.619058799840263241e-01,-9.447164667229419610e-01
8.903175435370938584e-02,9.237064093519065100e-01,8.872592382173418724e-01,8.614953422569830987e-01,8.367419146618217951e-01,7.657111600180706024e-01,6.827169528832600642e-01,6.426648792155629231e-01,4.754475222627375097e-01,3.204698278649417142e-01,3.345943621354571240e-01,1.781364475079576515e-01,1.536081864340140546e-01,3.472063087502752499e-03,-6.046272858174391029e-02,-2.432208967791575083e-01,-3.390380654643269098e-01,-3.439538388184760764e-01,-4.593226681072551942e-01,-5.947692673388643714e-01,-6.732660478570375862e-01,-7.353690711519447198e-01,-8.049601713245275736e-01,-8.626846564750660917e-01,-8.899413959372970417e-01,-9.000718213026375203e-01,-9.598844072637019442e-01,-9.833665797412339815e-01,-9.704894384395572615e-01,-9.512640906972676946e-01
8.244381899728674135e-02,9.832506959389437640e-01,9.624079817187904951e-01,9.384510146807057973e-01,9.303155971144672076e-01,8.508845157935898129e-01,7.880245368926837024e-01,7.547294450347140637e-01,5.938277410235257570e-01,4.158696452617132167e-01,4.578642880600218845e-01,2.982224688329325191e-01,2.848997220518623696e-01,1.257049059905218924e-01,5.390181053212958484e-02,-1.568298399430075318e-01,-2.668846965904780322e-01,-2.305016000158324196e-01,-3.648828637805003883e-01,-5.211313825573814507e-01,-6.016449048379051145e-01,-6.780761982031080493e-01,-7.671745055634296984e-01,-8.307678957913227080e-01,-8.629184024017458876e-01,-8.892776896086900251e-01,-9.601527459689941368e-01,-9.969588662012933700e-01,-9.947763210845246284e-01,-9.761049302580077081e-01
7.521254870829917338e-02,9.509869592126720672e-01,9.509633503922529929e-01,9.695729206041381332e-01,9.395983072503133471e-01,8.413062853145264475e-01,8.304506390646568814e-01,7.987075135637278223e-01,6.606066832618215923e-01,4.846655808653221875e-01,5.352234049043671504e-01,4.096055407181150021e-01,4.009335435658697433e-01,2.504140705133184319e-01,1.675081008339993349e-01,1.111380642517985629e-01,-3.676963305845709629e-02,-8.847509272716846951e-02,-2.380180851353967120e-01,-3.966998209827622968e-01,-4.533676972499431912e-01,-5.615234734600539346e-01,-6.475677710374737606e-01,-7.308745807684842166e-01,-7.553800860473028900e-01,-8.344266927562749014e-01,-8.797384072167306890e-01,-9.227811902388344256e-01,-9.369140428952752453e-01,-9.203831887697746517e-01
6.934910562478045770e-02,9.610746791673148159e-01,9.795292281578700244e-01,9.607073072736029840e-01,9.708811690451328857e-01,8.735793573966632586e-01,8.816241812058933647e-01,8.586971926156947710e-01,7.449631123600104488e-01,6.095165831746054419e-01,6.263063717305918932e-01,5.025621321916835527e-01,5.008434824508163352e-01,3.462606166781786454e-01,2.547969618697378813e-01,4.979107411799041372e-02,6.302762813615032933e-02,2.025369829307194225e-02,-1.500437477711213663e-01,-3.214684891098200659e-01,-3.691438718173812306e-01,-4.863248518472289006e-01,-5.840311970914822126e-01,-6.670422770965319659e-01,-6.944184703780172940e-01,-7.937308072573487916e-01,-8.412496607931813086e-01,-9.131422049144010122e-01,-9.237444781901478219e-01,-9.068679071423026983e-01
6.221993387946639364e-02,9.235665015902672081e-01,9.590584563157401599e-01,9.483251538690836702e-01,9.679760650259351396e-01,8.635035537055939514e-01,9.143592389775789808e-01,8.938959695545720674e-01,8.041590603476176380e-01,6.278096888271507137e-01,6.980350601553859669e-01,6.050162237711382840e-01,6.047347325016435571e-01,4.602965674253648998e-01,3.583246050124564430e-01,2.449061351621827920e-01,1.901109572509665224e-01,1.512495969304779031e-01,-4.241276894385198615e-02,-2.018704952870991332e-01,-2.261760019221462081e-01,-3.664591310265183921e-01,-4.638171807655430134e-01,-5.610044950695990407e-01,-5.863334614866286820e-01,-7.327528603361663784e-01,-7.553753978777999478e-01,-8.323666774262152845e-01,-8.579363142112464979e-01,-8.476269624064086683e-01
5.541733083402949206e-02,9.255895953313925117e-01,9.901844308242613302e-01,9.671413441313345682e-01,1.000000000000000000e+00,8.760949075371455841e-01,9.853866721349029412e-01,9.678280723204033542e-01,8.986842316425818211e-01,7.072111763789941108e-01,7.963321730395486187e-01,7.295085062148332078e-01,7.430630413590708638e-01,5.972574572082187672e-01,4.839687985791385483e-01,5.303487000692160835e-01,3.054557062634934983e-01,3.042037677130750573e-01,1.130912886054232097e-01,-8.995512918357292942e-02,-9.665214118006684729e-02,-2.788659480427200243e-01,-3.737637310295275905e-01,-4.945028532324399206e-01,-4.942341548391621098e-01,-7.002967943324139855e-01,-7.095736656976880941e-01,-8.069529755970861196e-01,-8.422851072381880577e-01,-8.218064589677090970e-01
4.796159038883825859e-02,8.485501464361718815e-01,9.181169126314803197e-01,9.235608470600451536e-01,9.621658569875395361e-01,8.433519463234553371e-01,9.798293545209502131e-01,9.642935234323266602e-01,9.225509563228320165e-01,7.601819376537493067e-01,8.414924370049742253e-01,8.099244069300477467e-01,8.125172326032978898e-01,6.883684689197374640e-01,5.653798912978935665e-01,6.351362572505675486e-01,4.370691022270482562e-01,4.132413942052898248e-01,1.728491887106867742e-01,3.732549235834277390e-02,5.975973786832386447e-02,-1.267276893850973474e-01,-2.233891481136645318e-01,-3.489289310157331347e-01,-3.701634437038514580e-01,-6.107969664938016630e-01,-5.836268720470372262e-01,-6.708156224498438291e-01,-7.263199862534439610e-01,-7.291450729346204973e-01
4.029766899006566316e-02,7.751808535520616772e-01,8.667004561743838487e-01,8.681941223157331189e-01,9.111890666565201080e-01,8.340071799117929618e-01,9.593655025320328988e-01,9.505884654896533670e-01,9.411546601079525676e-01,8.092483887810266729e-01,8.813013404487597402e-01,8.465145296885676629e-01,8.616861927035375235e-01,7.596499376192726860e-01,6.704201566886749397e-01,7.189773553553273633e-01,5.390911294198931225e-01,5.313272623076983336e-01,3.520835195899341130e-01,1.429448973242130883e-01,2.025056871251658952e-01,1.482298920610067294e-02,-6.919261060822487486e-02,-2.225285483627145733e-01,-2.242647596492635398e-01,-5.115261735870304527e-01,-4.497722882735385452e-01,-5.081698966231193992e-01,-6.129692111762046203e-01,-6.596645732691484021e-01
3.305831305604775561e-02,7.222226769721427075e-01,8.298970291168699109e-01,8.349415398802211286e-01,8.841348577633525441e-01,8.238433398391886708e-01,9.679068941166590889e-01,9.636331030745894921e-01,9.817645305276051504e-01,8.679880813054454691e-01,9.386364816001836475e-01,9.210613114572254734e-01,9.392416317953820037e-01,8.523189185001684987e-01,8.062893235471326747e-01,8.284325333192996688e-01,6.549946415077985140e-01,6.506660783325999287e-01,5.739914752557075950e-01,2.546609830267183572e-01,3.418600250124519402e-01,1.441256933354113645e-01,6.275376731087006776e-02,-1.056069214576901283e-01,-1.052587466739483557e-01,-4.336993112914736548e-01,-3.442646356300395061e-01,-3.957057353382694709e-01,-5.260162529714227375e-01,-5.946643080582876273e-01
2.496982619252047231e-02,6.284422677838412685e-01,7.638675432601909066e-01,7.574606728271089384e-01,8.092354859944813628e-01,8.153176470884683225e-01,9.184377985541983813e-01,9.231783496043066695e-01,9.783620676781937808e-01,9.073812910355814054e-01,9.609191473363307701e-01,9.196947752056074954e-01,9.600241129040166799e-01,9.022128750183431301e-01,8.612224802673281721e-01,8.866595515648469927e-01,7.431351838055828551e-01,7.674989985125153513e-01,6.589363183318949213e-01,3.541837072559537170e-01,4.879975856388499289e-01,2.979243463884966858e-01,2.527386485776124125e-01,3.027221694332254964e-02,6.753260845991224115e-02,-3.129845877734880322e-01,-1.820631207265410445e-01,-1.828784449696706782e-01,-3.862676610217258277e-01,-5.207035739382041006e-01
1.688133932899318554e-02,5.346618585955398295e-01,6.978380574035119022e-01,6.799798057739967483e-01,7.343361142256101814e-01,8.067919543377479741e-01,8.689687029917376737e-01,8.827235961340239578e-01,9.749596048287824113e-01,9.467745007657173417e-01,9.832018130724778926e-01,9.183282389539895174e-01,9.808065940126513560e-01,9.521068315365178725e-01,9.161556369875236694e-01,9.448865698103943167e-01,8.312757261033671963e-01,8.843319186924307740e-01,7.438811614080822476e-01,4.537064314851890767e-01,6.341351462652479176e-01,4.517229994415820071e-01,4.156471614944387549e-01,1.661513553443352276e-01,2.403239635937728380e-01,-1.922698642555024651e-01,-1.986160582304255517e-02,2.994884539892814224e-02,-2.465190690720288624e-01,-4.467428398181206295e-01
8.703097056078591340e-04,2.828742565331604508e-01,4.053201379826728568e-01,4.012219606946049177e-01,4.402612892803086098e-01,7.097264540664784960e-01,6.378716138338886843e-01,7.769800175970775769e-01,9.233746494822405726e-01,9.217688822118619285e-01,9.740461449288425611e-01,1.000000000000000000e+00,9.707612042710591638e-01,9.418486978338682647e-01,9.179989803383628022e-01,9.730839330646114949e-01,9.699472444979302388e-01,9.065117222479825987e-01,8.898430080233079575e-01,7.179134517396225101e-01,9.492877710286844462e-01,7.571035284428365708e-01,7.645202052702273487e-01,6.351576160290883788e-01,5.022698344781627577e-01,7.416327540524172979e-02,3.598623132232784405e-01,3.614986868463940795e-01,1.197818784298503442e-01,-1.037385970755306391e-01
